{"train_loss": 0.2067299988873056, "val_loss": 0.21746735379830964, "train_acc": 0.9164513300302083, "val_acc": 0.9126171589761031, "_timestamp": 1658106348, "_runtime": 5628, "_step": 100}