{"train_loss": 0.20811837423445734, "val_loss": 0.21354372330880153, "_timestamp": 1657935722, "_runtime": 1451, "_step": 99, "_wandb": {"runtime": 1452}}