{"train_loss": 21.074661957808797, "val_loss": 7.076883228512443, "_timestamp": 1657924984, "_runtime": 96, "_step": 3, "_wandb": {"runtime": 102}}