{"train_loss": 0.18260435696041172, "val_loss": 0.18255135289401583, "train_acc": 0.9256038317140018, "val_acc": 0.9256709445739264, "_timestamp": 1658879365, "_runtime": 13438, "_step": 749, "_wandb": {"runtime": 13439}}