{"train_loss": 0.22273912708118018, "val_loss": 0.21802680382428344, "train_acc": 0.909132662927867, "val_acc": 0.9104715367456563, "_timestamp": 1658010390, "_runtime": 8464, "_step": 499, "_wandb": {"runtime": 8465}}