{"train_loss": 2.007462641344883, "val_loss": 0.6730093050901302, "train_acc": 0.8953153553388566, "val_acc": 0.8920270273623507, "_timestamp": 1659474832, "_runtime": 719, "_step": 29, "_wandb": {"runtime": 720}}