{"train_loss": 0.18244248692934031, "val_loss": 0.18228541455821157, "train_acc": 0.9256396748444575, "val_acc": 0.9256084264436687, "_timestamp": 1659221944, "_runtime": 14069, "_step": 749, "_wandb": {"runtime": 14070}}