{"train_loss": 0.1820965720018168, "val_loss": 0.18205891197813232, "train_acc": 0.9258764062176995, "val_acc": 0.9257559692310771, "_timestamp": 1658492359, "_runtime": 29306, "_step": 749, "_wandb": {"runtime": 29306}}