{"train_loss": 0.17829335403059865, "val_loss": 0.1783958246226417, "train_acc": 0.9274535039577485, "val_acc": 0.9276165087875484, "_timestamp": 1659153448, "_runtime": 12801, "_step": 749, "_wandb": {"runtime": 12801}}