{"train_loss": 1.9956029234922739, "val_loss": 0.6687631863042687, "train_acc": 0.8985952919862031, "val_acc": 0.8955406837237809, "_timestamp": 1659482131, "_runtime": 353, "_step": 16, "_wandb": {"runtime": 371}}