{"train_loss": 0.24274873666920344, "val_loss": 0.23302103998299764, "_timestamp": 1657936239, "_runtime": 367, "_step": 25, "_wandb": {"runtime": 375}}