{"train_loss": 0.2929980666766839, "val_loss": 0.28937746248652174, "_timestamp": 1657933735, "_runtime": 35, "_step": 2, "_wandb": {"runtime": 42}}