{"train_loss": 0.20746690190792524, "val_loss": 0.21460901549697647, "train_acc": 0.9161045685820791, "val_acc": 0.915045363155315, "_timestamp": 1658111091, "_runtime": 4734, "_step": 85}