{"train_loss": 0.49784018965234045, "val_loss": 0.16671646444163887, "train_acc": 0.9000577209394888, "val_acc": 0.8968632676507882, "_timestamp": 1659546508, "_runtime": 966, "_step": 49, "_wandb": {"runtime": 967}}