{"train_loss": 0.1875847183936046, "val_loss": 0.18681535510909492, "train_acc": 0.9236032848978721, "val_acc": 0.9239279391023397, "_timestamp": 1658267633, "_runtime": 8375, "_step": 499, "_wandb": {"runtime": 8376}}