{"train_loss": 4.445123522111644, "val_loss": 1.7330979768276797, "_timestamp": 1657926137, "_runtime": 450, "_step": 30, "_wandb": {"runtime": 454}}