{"train_loss": 0.0013372765317817643, "val_loss": 0.001341379363616702, "train_acc": 0.9783426919900908, "val_acc": 0.9769305210918114, "_timestamp": 1660935122, "_runtime": 1424, "_step": 49, "_wandb": {"runtime": 1424}}