{"train_loss": 0.1949179130949544, "val_loss": 0.194221326418696, "train_acc": 0.9204774304976694, "val_acc": 0.9207920296886097, "_timestamp": 1660620689, "_runtime": 19103, "_step": 749, "_wandb": {"runtime": 19104}}