{"train_loss": 5.749508248093348, "val_loss": 1.8803073421559868, "_timestamp": 1657928561, "_runtime": 139, "_step": 9, "_wandb": {"runtime": 150}}