{"train_loss": 2.005562021036904, "val_loss": 0.6728519849682859, "train_acc": 0.895715025363357, "val_acc": 0.8922032064595694, "_timestamp": 1659484175, "_runtime": 1213, "_step": 49, "_wandb": {"runtime": 1213}}