{"train_loss": 0.18237460908042422, "val_loss": 0.18193397465332284, "train_acc": 0.9258722384118325, "val_acc": 0.9259910374008462, "_timestamp": 1659315360, "_runtime": 13876, "_step": 749, "_wandb": {"runtime": 13877}}