{"train_loss": 1.983788483388914, "val_loss": 0.665701994786282, "train_acc": 0.9016580525665174, "val_acc": 0.8975059491462758, "_timestamp": 1659325017, "_runtime": 709, "_step": 29, "_wandb": {"runtime": 710}}