{"train_loss": 0.306229516571261, "val_loss": 0.2864961103833729, "train_acc": 0.8795612467407758, "val_acc": 0.8861594862510128, "_timestamp": 1658100599, "_runtime": 5, "_step": 0, "_wandb": {"runtime": 22}}