{"train_loss": 0.17865710598690496, "val_loss": 0.1781689852677873, "train_acc": 0.9276227168759461, "val_acc": 0.9273964449690411, "_timestamp": 1658517825, "_runtime": 13833, "_step": 749, "_wandb": {"runtime": 13834}}