{"train_loss": 0.6434492977629674, "val_loss": 0.21458520482031546, "train_acc": 0.7684952671306913, "val_acc": 0.7667239869081561, "_timestamp": 1659552380, "_runtime": 1002, "_step": 49, "_wandb": {"runtime": 1003}}