{"train_loss": 0.19563428512422243, "val_loss": 0.19443660033820748, "train_acc": 0.9202123580445322, "val_acc": 0.920576967320523, "_timestamp": 1660600138, "_runtime": 3888, "_step": 147}