{"train_loss": 3.8051381938241797, "val_loss": 1.3265427103064358, "_timestamp": 1657928345, "_runtime": 1594, "_step": 108, "_wandb": {"runtime": 1603}}