{"train_loss": 50.00847709469962, "val_loss": 50.00358218703348, "train_acc": 0.49992414593322176, "val_acc": 0.4998624601134329, "_timestamp": 1658281105, "_runtime": 238, "_step": 14, "_wandb": {"runtime": 244}}