{"train_loss": 0.19905076819489997, "val_loss": 0.21729885729815665, "_timestamp": 1657945579, "_runtime": 7355, "_step": 499, "_wandb": {"runtime": 7356}}