{"train_loss": 1.968035899496626, "val_loss": 0.6642240270500434, "train_acc": 0.9044532654444801, "val_acc": 0.8982478864711823, "_timestamp": 1659491746, "_runtime": 2425, "_step": 99, "_wandb": {"runtime": 2425}}