{"train_loss": 0.21806955212885393, "val_loss": 0.24264051134999, "train_acc": 0.9114599657239646, "val_acc": 0.9038371127627012, "_timestamp": 1658099240, "_runtime": 2498, "_step": 44}