{"train_loss": 0.18729457882186817, "val_loss": 0.18667954134526138, "train_acc": 0.9237508252255616, "val_acc": 0.924002960858649, "_timestamp": 1658206578, "_runtime": 8522, "_step": 499, "_wandb": {"runtime": 8524}}