{"train_loss": 0.4985697920294373, "val_loss": 0.167151419118748, "train_acc": 0.8996118081022363, "val_acc": 0.8957218256124705, "_timestamp": 1659547831, "_runtime": 972, "_step": 49, "_wandb": {"runtime": 972}}