{"train_loss": 2.0089684020960474, "val_loss": 0.6708680017128257, "train_acc": 0.8950032163527798, "val_acc": 0.8934414229315706, "_timestamp": 1659480333, "_runtime": 1216, "_step": 49, "_wandb": {"runtime": 1216}}