{"train_loss": 0.49697584648697385, "val_loss": 0.16660925427407358, "train_acc": 0.9009132129754029, "val_acc": 0.8972032188665481, "_timestamp": 1659494302, "_runtime": 949, "_step": 49, "_wandb": {"runtime": 950}}