{"train_loss": 5.380815085084902, "val_loss": 1.7819466107527249, "_timestamp": 1657930625, "_runtime": 130, "_step": 8, "_wandb": {"runtime": 145}}