{"train_loss": 0.20086395314747582, "val_loss": 0.20461016137443505, "train_acc": 0.9190170313218946, "val_acc": 0.9194391373498314, "_timestamp": 1658186162, "_runtime": 7740, "_step": 457, "_wandb": {"runtime": 7754}}