{"train_loss": 0.18875541668451234, "val_loss": 0.1871096710353101, "train_acc": 0.9230397975446623, "val_acc": 0.9237328825359354, "_timestamp": 1658197715, "_runtime": 2587, "_step": 148}