{"train_loss": 0.5047781874719448, "val_loss": 0.1689340125526693, "train_acc": 0.8940197308172839, "val_acc": 0.8910046923193358, "_timestamp": 1659542594, "_runtime": 979, "_step": 49, "_wandb": {"runtime": 980}}