{"train_loss": 0.1788330630426754, "val_loss": 0.1783639947053689, "train_acc": 0.9274359991731073, "val_acc": 0.9273764391673586, "_timestamp": 1658452902, "_runtime": 19241, "_step": 499, "_wandb": {"runtime": 19242}}