{"train_loss": 3.939349238430349, "val_loss": 1.3109671591998122, "train_acc": 0.5000194054660656, "val_acc": 0.5000086848850741, "_timestamp": 1659323946, "_runtime": 327, "_step": 13, "_wandb": {"runtime": 347}}