{"train_loss": 0.6777544555808449, "val_loss": 0.2259216663608917, "train_acc": 0.7360369414012728, "val_acc": 0.7353616262075092, "_timestamp": 1659544784, "_runtime": 957, "_step": 49, "_wandb": {"runtime": 957}}