{"train_loss": 0.1785452457489418, "val_loss": 0.17844780588658496, "train_acc": 0.9275843730619703, "val_acc": 0.9275339848556081, "_timestamp": 1659236062, "_runtime": 13498, "_step": 749, "_wandb": {"runtime": 13499}}