{"train_loss": 0.19997590872853, "val_loss": 0.19688894260498851, "train_acc": 0.9185385672083702, "val_acc": 0.9191965670044313, "_timestamp": 1660601446, "_runtime": 742, "_step": 29, "_wandb": {"runtime": 752}}