{"train_loss": 0.3241843252024266, "val_loss": 0.2901856581504848, "_timestamp": 1657933378, "_runtime": 6, "_step": 0, "_wandb": {"runtime": 14}}