{"train_loss": 3.9393488177357048, "val_loss": 1.3109669634361647, "train_acc": 0.5000194284514272, "val_acc": 0.5000087069536377, "_timestamp": 1659319657, "_runtime": 108, "_step": 4, "_wandb": {"runtime": 116}}