{"train_loss": 0.20540325391348843, "val_loss": 0.23140514716199792, "train_acc": 0.9167747517654826, "val_acc": 0.9053275449880466, "_timestamp": 1658195033, "_runtime": 7071, "_step": 416, "_wandb": {"runtime": 7076}}