{"train_loss": 0.19141215521580332, "val_loss": 0.1903583746721698, "train_acc": 0.9219503330910449, "val_acc": 0.9222324474097489, "_timestamp": 1658279235, "_runtime": 9058, "_step": 499, "_wandb": {"runtime": 9059}}