{"train_loss": 0.2075921013836515, "val_loss": 0.21309577021723378, "train_acc": 0.9160595562787162, "val_acc": 0.9145802282661972, "_timestamp": 1658026029, "_runtime": 5120, "_step": 142}