{"train_loss": 6.49707460594177, "val_loss": 2.1710610229969016, "train_acc": 0.9771998348472337, "val_acc": 0.9754813895781638, "_timestamp": 1660089079, "_runtime": 1497, "_step": 29, "_wandb": {"runtime": 1498}}