{"train_loss": 0.2125986650980321, "val_loss": 0.22609506093473386, "_timestamp": 1657937881, "_runtime": 1548, "_step": 101, "_wandb": {"runtime": 1553}}