{"train_loss": 3.8122266723565352, "val_loss": 1.3069961320556467, "_timestamp": 1657930075, "_runtime": 1442, "_step": 99, "_wandb": {"runtime": 1443}}