{"train_loss": 0.21293826351576894, "val_loss": 0.23747266129919445, "train_acc": 0.9144016031048486, "val_acc": 0.9029043422592552, "_timestamp": 1658019981, "_runtime": 7994, "_step": 475, "_wandb": {"runtime": 8007}}