{"train_loss": 3.9283505916118093, "val_loss": 1.3160921117637145, "_timestamp": 1657932231, "_runtime": 1484, "_step": 99, "_wandb": {"runtime": 1485}}