{"train_loss": 0.28946932450126894, "val_loss": 0.00018485965245283948, "_timestamp": 1657934045, "_runtime": 173, "_step": 11, "_wandb": {"runtime": 179}}