{"train_loss": 0.2904089756654464, "val_loss": 0.28720480563548134, "_timestamp": 1657933612, "_runtime": 83, "_step": 5}