{"train_loss": 0.0013377477429702596, "val_loss": 0.0013431112446796805, "train_acc": 0.9782204789430223, "val_acc": 0.9765086848635236, "_timestamp": 1660920852, "_runtime": 1406, "_step": 49, "_wandb": {"runtime": 1407}}