{"train_loss": 0.178790157409295, "val_loss": 0.17856386600031082, "train_acc": 0.9273259690982202, "val_acc": 0.9274214522211441, "_timestamp": 1658892687, "_runtime": 13245, "_step": 749, "_wandb": {"runtime": 13246}}