{"train_loss": 0.23344263576327384, "val_loss": 0.23169638732249168, "train_acc": 0.9050648844017365, "val_acc": 0.9060127436956718, "_timestamp": 1658020847, "_runtime": 194, "_step": 11, "_wandb": {"runtime": 199}}