{"train_loss": 0.18098172319992778, "val_loss": 0.18014175951726644, "train_acc": 0.9266299455184417, "val_acc": 0.9269988296606015, "_timestamp": 1658462772, "_runtime": 9252, "_step": 242, "_wandb": {"runtime": 9283}}