{"train_loss": 50.00698884071444, "val_loss": 50.00358218703348, "train_acc": 0.49992414593322176, "val_acc": 0.4998624601134329, "_timestamp": 1658269716, "_runtime": 1883, "_step": 108, "_wandb": {"runtime": 1902}}