{"train_loss": 2.2221704773759514, "val_loss": 0.7643304652276643, "train_acc": 0.8512145757345795, "val_acc": 0.8414512194819342, "_timestamp": 1659486956, "_runtime": 2401, "_step": 99, "_wandb": {"runtime": 2402}}