{"train_loss": 0.5231596714614987, "val_loss": 0.17458066783479986, "train_acc": 0.8769792543181291, "val_acc": 0.876026987660019, "_timestamp": 1659550888, "_runtime": 982, "_step": 49, "_wandb": {"runtime": 982}}