{"train_loss": 0.20376135214630922, "val_loss": 0.2529958317012073, "train_acc": 0.9178117018651765, "val_acc": 0.8908983605245521, "_timestamp": 1658287484, "_runtime": 6177, "_step": 363}